model,precision,flips,patterns,mean_bsr_percent,min_bsr_percent,max_bsr_percent
CT1,FP32,0,1,100.0,100.0,100.0
CT1,FP32,1,25,82.5,0.5,100.0
CT1,FP32,2,20,67.65,0.1,99.9
CT1,FP32,3,20,43.65500000000001,0.0,100.0
CT1,FP32,4,20,24.210000000000004,0.0,94.0
CT1,FP32,5,20,13.459999999999999,0.0,93.60000000000001
CT1,FP32,6,20,4.93,0.0,98.1
CT1,FP32,7,20,0.43499999999999994,0.0,8.6
CT1,W8A32,0,1,100.0,100.0,100.0
CT1,W8A32,1,25,82.30799999999999,0.4,100.0
CT1,W8A32,2,20,67.345,0.1,99.9
CT1,W8A32,3,20,43.27,0.0,100.0
CT1,W8A32,4,20,23.785000000000004,0.0,93.8
CT1,W8A32,5,20,13.285,0.0,93.8
CT1,W8A32,6,20,4.9399999999999995,0.0,98.3
CT1,W8A32,7,20,0.39,0.0,7.7
CT1,W8A8_clean,0,1,100.0,100.0,100.0
CT1,W8A8_clean,1,25,80.932,0.3,100.0
CT1,W8A8_clean,2,20,65.12499999999999,0.0,99.8
CT1,W8A8_clean,3,20,40.5,0.0,99.9
CT1,W8A8_clean,4,20,22.05,0.0,91.8
CT1,W8A8_clean,5,20,12.76,0.0,92.5
CT1,W8A8_clean,6,20,4.865,0.0,96.8
CT1,W8A8_clean,7,20,0.21000000000000002,0.0,4.2
CT1,W8A8_mixed,0,1,100.0,100.0,100.0
CT1,W8A8_mixed,1,25,81.188,0.3,100.0
CT1,W8A8_mixed,2,20,65.745,0.1,99.9
CT1,W8A8_mixed,3,20,41.71,0.0,99.9
CT1,W8A8_mixed,4,20,22.910000000000004,0.0,92.30000000000001
CT1,W8A8_mixed,5,20,13.089999999999998,0.0,92.9
CT1,W8A8_mixed,6,20,4.89,0.0,97.3
CT1,W8A8_mixed,7,20,0.39,0.0,7.8
CT2,FP32,0,1,100.0,100.0,100.0
CT2,FP32,1,25,99.064,94.39999999999999,100.0
CT2,FP32,2,20,77.705,11.5,100.0
CT2,FP32,3,20,48.68,2.0,100.0
CT2,FP32,4,20,26.310000000000002,0.0,99.5
CT2,FP32,5,20,5.78,0.0,34.4
CT2,FP32,6,20,3.4849999999999985,0.0,60.9
CT2,FP32,7,20,0.039999999999999994,0.0,0.5
CT2,W8A32,0,1,100.0,100.0,100.0
CT2,W8A32,1,25,98.736,93.4,100.0
CT2,W8A32,2,20,74.91,9.4,100.0
CT2,W8A32,3,20,46.075,1.5,100.0
CT2,W8A32,4,20,24.3,0.0,99.1
CT2,W8A32,5,20,4.8,0.0,29.599999999999998
CT2,W8A32,6,20,3.01,0.0,53.5
CT2,W8A32,7,20,0.02,0.0,0.3
CT2,W8A8_clean,0,1,100.0,100.0,100.0
CT2,W8A8_clean,1,25,98.596,93.0,100.0
CT2,W8A8_clean,2,20,74.05,9.4,100.0
CT2,W8A8_clean,3,20,45.72499999999999,1.7000000000000002,100.0
CT2,W8A8_clean,4,20,24.005,0.0,98.9
CT2,W8A8_clean,5,20,4.635,0.0,30.0
CT2,W8A8_clean,6,20,2.865,0.0,51.1
CT2,W8A8_clean,7,20,0.015000000000000003,0.0,0.2
CT2,W8A8_mixed,0,1,100.0,100.0,100.0
CT2,W8A8_mixed,1,25,98.47200000000001,92.5,100.0
CT2,W8A8_mixed,2,20,73.155,9.4,100.0
CT2,W8A8_mixed,3,20,44.934999999999995,1.7000000000000002,100.0
CT2,W8A8_mixed,4,20,23.45,0.0,98.8
CT2,W8A8_mixed,5,20,4.485,0.0,30.0
CT2,W8A8_mixed,6,20,2.7,0.0,47.4
CT2,W8A8_mixed,7,20,0.02,0.0,0.3
CT3,FP32,0,1,100.0,100.0,100.0
CT3,FP32,1,25,98.564,92.5,100.0
CT3,FP32,2,20,64.385,1.5,98.7
CT3,FP32,3,20,40.82,0.0,94.39999999999999
CT3,FP32,4,20,28.484999999999996,0.0,95.8
CT3,FP32,5,20,11.955000000000002,0.0,96.0
CT3,FP32,6,20,2.485,0.0,11.899999999999999
CT3,FP32,7,20,2.2950000000000004,0.0,36.1
CT3,W8A32,0,1,100.0,100.0,100.0
CT3,W8A32,1,25,98.428,91.7,100.0
CT3,W8A32,2,20,63.504999999999995,1.4000000000000001,98.7
CT3,W8A32,3,20,39.655,0.0,93.60000000000001
CT3,W8A32,4,20,27.535000000000004,0.0,95.6
CT3,W8A32,5,20,11.549999999999999,0.0,94.69999999999999
CT3,W8A32,6,20,2.305,0.0,10.8
CT3,W8A32,7,20,2.13,0.0,34.300000000000004
CT3,W8A8_clean,0,1,100.0,100.0,100.0
CT3,W8A8_clean,1,25,98.184,89.5,100.0
CT3,W8A8_clean,2,20,62.705,2.0,98.7
CT3,W8A8_clean,3,20,39.57000000000001,0.0,93.7
CT3,W8A8_clean,4,20,26.985000000000003,0.0,94.89999999999999
CT3,W8A8_clean,5,20,11.529999999999998,0.0,94.39999999999999
CT3,W8A8_clean,6,20,2.315,0.0,10.4
CT3,W8A8_clean,7,20,2.03,0.0,32.9
CT3,W8A8_mixed,0,1,100.0,100.0,100.0
CT3,W8A8_mixed,1,25,98.0,89.5,100.0
CT3,W8A8_mixed,2,20,62.454999999999984,1.6,98.5
CT3,W8A8_mixed,3,20,38.745000000000005,0.0,92.7
CT3,W8A8_mixed,4,20,26.584999999999997,0.0,94.69999999999999
CT3,W8A8_mixed,5,20,11.36,0.0,94.3
CT3,W8A8_mixed,6,20,2.1450000000000005,0.0,11.1
CT3,W8A8_mixed,7,20,1.9700000000000002,0.0,31.900000000000002
CT4,FP32,0,1,100.0,100.0,100.0
CT4,FP32,1,25,94.88799999999999,68.8,100.0
CT4,FP32,2,20,77.03999999999999,3.1,100.0
CT4,FP32,3,20,52.49499999999999,0.0,99.4
CT4,FP32,4,20,28.820000000000004,0.0,98.4
CT4,FP32,5,20,14.14,0.0,93.89999999999999
CT4,FP32,6,20,7.780000000000001,0.0,75.5
CT4,FP32,7,20,0.7100000000000001,0.0,13.4
CT4,W8A32,0,1,100.0,100.0,100.0
CT4,W8A32,1,25,94.77199999999999,68.2,100.0
CT4,W8A32,2,20,76.83000000000001,2.9000000000000004,100.0
CT4,W8A32,3,20,52.025,0.0,99.4
CT4,W8A32,4,20,28.525,0.0,98.4
CT4,W8A32,5,20,13.77,0.0,93.7
CT4,W8A32,6,20,7.6,0.0,74.9
CT4,W8A32,7,20,0.72,0.0,13.5
CT4,W8A8_clean,0,1,100.0,100.0,100.0
CT4,W8A8_clean,1,25,93.848,63.3,100.0
CT4,W8A8_clean,2,20,75.44,2.1999999999999997,100.0
CT4,W8A8_clean,3,20,49.94500000000001,0.0,99.2
CT4,W8A8_clean,4,20,27.725,0.0,97.6
CT4,W8A8_clean,5,20,13.325,0.0,92.9
CT4,W8A8_clean,6,20,7.084999999999999,0.0,73.3
CT4,W8A8_clean,7,20,0.6799999999999999,0.0,12.9
CT4,W8A8_mixed,0,1,100.0,100.0,100.0
CT4,W8A8_mixed,1,25,94.736,67.60000000000001,100.0
CT4,W8A8_mixed,2,20,76.68499999999999,2.7,100.0
CT4,W8A8_mixed,3,20,51.44500000000001,0.0,99.4
CT4,W8A8_mixed,4,20,28.264999999999997,0.0,98.5
CT4,W8A8_mixed,5,20,13.64,0.0,93.7
CT4,W8A8_mixed,6,20,7.415000000000001,0.0,73.7
CT4,W8A8_mixed,7,20,0.74,0.0,14.299999999999999
CT5,FP32,0,1,99.9,99.9,99.9
CT5,FP32,1,25,76.8,2.7,100.0
CT5,FP32,2,20,49.660000000000004,0.0,99.9
CT5,FP32,3,20,35.760000000000005,0.0,99.9
CT5,FP32,4,20,24.69,0.0,99.8
CT5,FP32,5,20,7.555,0.0,89.7
CT5,FP32,6,20,3.9050000000000002,0.0,55.00000000000001
CT5,FP32,7,20,4.845000000000001,0.0,93.4
CT5,W8A32,0,1,99.9,99.9,99.9
CT5,W8A32,1,25,75.18,1.5,100.0
CT5,W8A32,2,20,48.10000000000001,0.0,99.9
CT5,W8A32,3,20,33.795,0.0,99.7
CT5,W8A32,4,20,22.655,0.0,99.8
CT5,W8A32,5,20,6.834999999999999,0.0,85.39999999999999
CT5,W8A32,6,20,3.115,0.0,45.2
CT5,W8A32,7,20,4.6450000000000005,0.0,90.7
CT5,W8A8_clean,0,1,99.9,99.9,99.9
CT5,W8A8_clean,1,25,74.424,1.0999999999999999,100.0
CT5,W8A8_clean,2,20,47.400000000000006,0.0,99.9
CT5,W8A8_clean,3,20,32.690000000000005,0.0,99.7
CT5,W8A8_clean,4,20,21.29,0.0,99.8
CT5,W8A8_clean,5,20,6.415000000000001,0.0,81.39999999999999
CT5,W8A8_clean,6,20,2.5999999999999996,0.0,35.699999999999996
CT5,W8A8_clean,7,20,4.4,0.0,85.9
CT5,W8A8_mixed,0,1,99.9,99.9,99.9
CT5,W8A8_mixed,1,25,74.30799999999999,0.8999999999999999,100.0
CT5,W8A8_mixed,2,20,47.33500000000001,0.0,99.9
CT5,W8A8_mixed,3,20,32.78500000000001,0.0,99.8
CT5,W8A8_mixed,4,20,21.770000000000003,0.0,99.7
CT5,W8A8_mixed,5,20,6.385,0.0,81.6
CT5,W8A8_mixed,6,20,2.7199999999999998,0.0,37.0
CT5,W8A8_mixed,7,20,4.424999999999999,0.0,86.6
