model,precision,trigger,mean_mse,successes,bsr_percent
Clean,FP32,AT1,1.3511972122192384,0,0.0
Clean,FP32,AT2,1.3544041174650192,0,0.0
Clean,FP32,AT3,1.3724980533123017,0,0.0
Clean,FP32,AT4,1.852354105591774,0,0.0
Clean,FP32,AT5,1.8511681959629058,0,0.0
Clean,FP32,CT1,0.5987087154090405,0,0.0
Clean,FP32,CT2,0.5973706848919391,0,0.0
Clean,FP32,CT3,0.5538066970109939,0,0.0
Clean,FP32,CT4,0.5682792354673147,0,0.0
Clean,FP32,CT5,0.5917767042815685,0,0.0
Clean,FP32,legacy_white,0.7925589377880097,0,0.0
Clean,W8A32,AT1,1.3545335454940797,0,0.0
Clean,W8A32,AT2,1.3578400443792342,0,0.0
Clean,W8A32,AT3,1.375160821557045,0,0.0
Clean,W8A32,AT4,1.8538082981109618,0,0.0
Clean,W8A32,AT5,1.851653373479843,0,0.0
Clean,W8A32,CT1,0.60024499553442,0,0.0
Clean,W8A32,CT2,0.5993090004920959,0,0.0
Clean,W8A32,CT3,0.5554712987542152,0,0.0
Clean,W8A32,CT4,0.569979820355773,0,0.0
Clean,W8A32,CT5,0.5933874213397503,0,0.0
Clean,W8A32,legacy_white,0.7952476518154145,0,0.0
Clean,W8A8_clean,AT1,0.9667655445933342,0,0.0
Clean,W8A8_clean,AT2,1.0373525585532188,0,0.0
Clean,W8A8_clean,AT3,1.0348754024505615,0,0.0
Clean,W8A8_clean,AT4,1.2276529838442802,0,0.0
Clean,W8A8_clean,AT5,1.2276529838442802,0,0.0
Clean,W8A8_clean,CT1,0.603954064399004,0,0.0
Clean,W8A8_clean,CT2,0.6024352360963822,0,0.0
Clean,W8A8_clean,CT3,0.5584682496935129,0,0.0
Clean,W8A8_clean,CT4,0.5730406248271466,0,0.0
Clean,W8A8_clean,CT5,0.5970062249898911,0,0.0
Clean,W8A8_clean,legacy_white,0.7990473720729351,0,0.0
Clean,W8A8_mixed,AT1,0.9722405172586441,0,0.0
Clean,W8A8_mixed,AT2,1.0420327466130257,0,0.0
Clean,W8A8_mixed,AT3,1.0396872384548188,0,0.0
Clean,W8A8_mixed,AT4,1.2324516738057136,0,0.0
Clean,W8A8_mixed,AT5,1.2324516738057136,0,0.0
Clean,W8A8_mixed,CT1,0.6086419310420752,0,0.0
Clean,W8A8_mixed,CT2,0.6072659618854522,0,0.0
Clean,W8A8_mixed,CT3,0.5629125864356757,0,0.0
Clean,W8A8_mixed,CT4,0.5775840118527412,0,0.0
Clean,W8A8_mixed,CT5,0.601842502772808,0,0.0
Clean,W8A8_mixed,legacy_white,0.8034043284356595,0,0.0
AT1,FP32,AT1,0.002509133792947978,1000,100.0
AT1,FP32,AT2,0.043119625605642795,1000,100.0
AT1,FP32,AT3,0.44640980634093286,0,0.0
AT1,FP32,AT4,1.8007520980834961,0,0.0
AT1,FP32,AT5,1.8611377329826355,0,0.0
AT1,FP32,CT1,0.598228106290102,0,0.0
AT1,FP32,CT2,0.5965897109508514,0,0.0
AT1,FP32,CT3,0.5534788188636303,0,0.0
AT1,FP32,CT4,0.567736089900136,0,0.0
AT1,FP32,CT5,0.5913091512918472,0,0.0
AT1,FP32,legacy_white,0.7909754316210746,0,0.0
AT1,W8A32,AT1,0.0027576625111978502,1000,100.0
AT1,W8A32,AT2,0.04426535499468446,1000,100.0
AT1,W8A32,AT3,0.45514126953482625,0,0.0
AT1,W8A32,AT4,1.797661598443985,0,0.0
AT1,W8A32,AT5,1.8587554022073747,0,0.0
AT1,W8A32,CT1,0.5977277203500271,0,0.0
AT1,W8A32,CT2,0.5965646152794362,0,0.0
AT1,W8A32,CT3,0.5532087144255639,0,0.0
AT1,W8A32,CT4,0.5676477877646685,0,0.0
AT1,W8A32,CT5,0.5909191868901252,0,0.0
AT1,W8A32,legacy_white,0.7907274748682975,0,0.0
AT1,W8A8_clean,AT1,0.9032648775875568,0,0.0
AT1,W8A8_clean,AT2,0.9127684064507484,0,0.0
AT1,W8A8_clean,AT3,0.913719471424818,0,0.0
AT1,W8A8_clean,AT4,1.2051147641539575,0,0.0
AT1,W8A8_clean,AT5,1.2051147641539575,0,0.0
AT1,W8A8_clean,CT1,0.5902233160436153,0,0.0
AT1,W8A8_clean,CT2,0.5893315027952194,0,0.0
AT1,W8A8_clean,CT3,0.5459796423316002,0,0.0
AT1,W8A8_clean,CT4,0.5598630996793509,0,0.0
AT1,W8A8_clean,CT5,0.5838221317529678,0,0.0
AT1,W8A8_clean,legacy_white,0.784119585186243,0,0.0
AT1,W8A8_mixed,AT1,0.023772775012999774,1000,100.0
AT1,W8A8_mixed,AT2,0.07859521875530481,918,91.8
AT1,W8A8_mixed,AT3,0.4257940811216831,0,0.0
AT1,W8A8_mixed,AT4,1.7985214240550995,0,0.0
AT1,W8A8_mixed,AT5,1.8576468997001647,0,0.0
AT1,W8A8_mixed,CT1,0.58907588326931,0,0.0
AT1,W8A8_mixed,CT2,0.5925721618533134,0,0.0
AT1,W8A8_mixed,CT3,0.5635280139148235,0,0.0
AT1,W8A8_mixed,CT4,0.5654514800161123,0,0.0
AT1,W8A8_mixed,CT5,0.5863167726993561,0,0.0
AT1,W8A8_mixed,legacy_white,0.7538851822912693,0,0.0
AT2,FP32,AT1,0.050988375835120676,1000,100.0
AT2,FP32,AT2,0.0016543590020155535,1000,100.0
AT2,FP32,AT3,0.22067296658456326,0,0.0
AT2,FP32,AT4,1.822463360786438,0,0.0
AT2,FP32,AT5,1.8785712716579437,0,0.0
AT2,FP32,CT1,0.5982684560716153,0,0.0
AT2,FP32,CT2,0.5963276306986809,0,0.0
AT2,FP32,CT3,0.5534604368656874,0,0.0
AT2,FP32,CT4,0.5678006214499474,0,0.0
AT2,FP32,CT5,0.5913963595628738,0,0.0
AT2,FP32,legacy_white,0.7916931663453579,0,0.0
AT2,W8A32,AT1,0.0516419438496232,1000,100.0
AT2,W8A32,AT2,0.0019230480778496713,1000,100.0
AT2,W8A32,AT3,0.22804993705451487,0,0.0
AT2,W8A32,AT4,1.8206764954328536,0,0.0
AT2,W8A32,AT5,1.8760558890104293,0,0.0
AT2,W8A32,CT1,0.5999355211257934,0,0.0
AT2,W8A32,CT2,0.5976181860268116,0,0.0
AT2,W8A32,CT3,0.5551945878565312,0,0.0
AT2,W8A32,CT4,0.5696720364689827,0,0.0
AT2,W8A32,CT5,0.5933912432491779,0,0.0
AT2,W8A32,legacy_white,0.7944638883769513,0,0.0
AT2,W8A8_clean,AT1,0.8952463044822216,0,0.0
AT2,W8A8_clean,AT2,0.891290427327156,0,0.0
AT2,W8A8_clean,AT3,0.8927817592024803,0,0.0
AT2,W8A8_clean,AT4,1.2188445307612419,0,0.0
AT2,W8A8_clean,AT5,1.2188445307612419,0,0.0
AT2,W8A8_clean,CT1,0.5912177194058895,0,0.0
AT2,W8A8_clean,CT2,0.5894312088638544,0,0.0
AT2,W8A8_clean,CT3,0.5471139760017395,0,0.0
AT2,W8A8_clean,CT4,0.5606665789633989,0,0.0
AT2,W8A8_clean,CT5,0.5853660547435283,0,0.0
AT2,W8A8_clean,legacy_white,0.7872262357771397,0,0.0
AT2,W8A8_mixed,AT1,0.049191755477339026,1000,100.0
AT2,W8A8_mixed,AT2,0.016380590489134192,1000,100.0
AT2,W8A8_mixed,AT3,0.20650283973664046,1,0.1
AT2,W8A8_mixed,AT4,1.818582260131836,0,0.0
AT2,W8A8_mixed,AT5,1.8697739242315292,0,0.0
AT2,W8A8_mixed,CT1,0.5890872392058373,0,0.0
AT2,W8A8_mixed,CT2,0.588161931425333,0,0.0
AT2,W8A8_mixed,CT3,0.548154746517539,0,0.0
AT2,W8A8_mixed,CT4,0.5601741768419742,0,0.0
AT2,W8A8_mixed,CT5,0.5834322884976864,0,0.0
AT2,W8A8_mixed,legacy_white,0.778984839707613,0,0.0
AT3,FP32,AT1,0.24457877656817437,0,0.0
AT3,FP32,AT2,0.06769959387928247,933,93.30000000000001
AT3,FP32,AT3,0.0013120408545946702,1000,100.0
AT3,FP32,AT4,1.8068191215991973,0,0.0
AT3,FP32,AT5,1.8401145946979522,0,0.0
AT3,FP32,CT1,0.598160463988781,0,0.0
AT3,FP32,CT2,0.5964878732860088,0,0.0
AT3,FP32,CT3,0.5533927696943283,0,0.0
AT3,FP32,CT4,0.567520585924387,0,0.0
AT3,FP32,CT5,0.5912717106938362,0,0.0
AT3,FP32,legacy_white,0.7912276530861855,0,0.0
AT3,W8A32,AT1,0.22163666969537735,0,0.0
AT3,W8A32,AT2,0.061630497094243765,972,97.2
AT3,W8A32,AT3,0.0015142680270364508,1000,100.0
AT3,W8A32,AT4,1.8004852939844131,0,0.0
AT3,W8A32,AT5,1.8347312477827071,0,0.0
AT3,W8A32,CT1,0.5971623291671276,0,0.0
AT3,W8A32,CT2,0.5968684143126011,0,0.0
AT3,W8A32,CT3,0.5531919522434473,0,0.0
AT3,W8A32,CT4,0.5673237825930119,0,0.0
AT3,W8A32,CT5,0.5905733996629715,0,0.0
AT3,W8A32,legacy_white,0.7893402666449547,0,0.0
AT3,W8A8_clean,AT1,0.8764641275405883,0,0.0
AT3,W8A8_clean,AT2,0.7658592853546142,0,0.0
AT3,W8A8_clean,AT3,0.7750587325394154,0,0.0
AT3,W8A8_clean,AT4,1.2202552999854088,0,0.0
AT3,W8A8_clean,AT5,1.2202552999854088,0,0.0
AT3,W8A8_clean,CT1,0.5885717980116606,0,0.0
AT3,W8A8_clean,CT2,0.58892982801795,0,0.0
AT3,W8A8_clean,CT3,0.5451290811300278,0,0.0
AT3,W8A8_clean,CT4,0.5585768617540597,0,0.0
AT3,W8A8_clean,CT5,0.5824984791576863,0,0.0
AT3,W8A8_clean,legacy_white,0.7822973069250584,0,0.0
AT3,W8A8_mixed,AT1,0.064698238003999,1000,100.0
AT3,W8A8_mixed,AT2,0.03497496810369193,1000,100.0
AT3,W8A8_mixed,AT3,0.014933218052610754,1000,100.0
AT3,W8A8_mixed,AT4,1.784818838596344,0,0.0
AT3,W8A8_mixed,AT5,1.8010589722394943,0,0.0
AT3,W8A8_mixed,CT1,0.587104631960392,0,0.0
AT3,W8A8_mixed,CT2,0.5875519106686116,0,0.0
AT3,W8A8_mixed,CT3,0.5460886915326119,0,0.0
AT3,W8A8_mixed,CT4,0.5578463613241911,0,0.0
AT3,W8A8_mixed,CT5,0.581016649901867,0,0.0
AT3,W8A8_mixed,legacy_white,0.77467801040411,0,0.0
AT4,FP32,AT1,1.0595224815607072,0,0.0
AT4,FP32,AT2,1.0558389142155646,0,0.0
AT4,FP32,AT3,1.0612451429367065,0,0.0
AT4,FP32,AT4,0.002862121794372797,1000,100.0
AT4,FP32,AT5,0.044592018242925406,1000,100.0
AT4,FP32,CT1,0.598181510090828,0,0.0
AT4,FP32,CT2,0.5953226957321167,0,0.0
AT4,FP32,CT3,0.5532849850803614,0,0.0
AT4,FP32,CT4,0.5672570489794015,0,0.0
AT4,FP32,CT5,0.5910518752634525,0,0.0
AT4,FP32,legacy_white,0.7909751598834991,0,0.0
AT4,W8A32,AT1,1.0564517294168472,0,0.0
AT4,W8A32,AT2,1.0529832982420921,0,0.0
AT4,W8A32,AT3,1.0582167106866835,0,0.0
AT4,W8A32,AT4,0.003190712313866243,1000,100.0
AT4,W8A32,AT5,0.047488878972828386,1000,100.0
AT4,W8A32,CT1,0.5997255116105079,0,0.0
AT4,W8A32,CT2,0.5957366573810577,0,0.0
AT4,W8A32,CT3,0.5551622339487076,0,0.0
AT4,W8A32,CT4,0.568751688182354,0,0.0
AT4,W8A32,CT5,0.5928095977902412,0,0.0
AT4,W8A32,legacy_white,0.7931503378152848,0,0.0
AT4,W8A8_clean,AT1,0.9235658075809479,0,0.0
AT4,W8A8_clean,AT2,0.984687990307808,0,0.0
AT4,W8A8_clean,AT3,0.9830857959389686,0,0.0
AT4,W8A8_clean,AT4,1.1332278735041619,0,0.0
AT4,W8A8_clean,AT5,1.1332278735041619,0,0.0
AT4,W8A8_clean,CT1,0.5894335488080978,0,0.0
AT4,W8A8_clean,CT2,0.5859553435742855,0,0.0
AT4,W8A8_clean,CT3,0.5453292406797409,0,0.0
AT4,W8A8_clean,CT4,0.5583193799257279,0,0.0
AT4,W8A8_clean,CT5,0.58281407789886,0,0.0
AT4,W8A8_clean,legacy_white,0.7848631485104561,0,0.0
AT4,W8A8_mixed,AT1,1.0512190887928008,0,0.0
AT4,W8A8_mixed,AT2,1.0497145963907242,0,0.0
AT4,W8A8_mixed,AT3,1.0529358857870101,0,0.0
AT4,W8A8_mixed,AT4,0.013397329692728818,1000,100.0
AT4,W8A8_mixed,AT5,0.04612196807935834,1000,100.0
AT4,W8A8_mixed,CT1,0.5926670009791851,0,0.0
AT4,W8A8_mixed,CT2,0.5903530974239111,0,0.0
AT4,W8A8_mixed,CT3,0.5527188045978546,0,0.0
AT4,W8A8_mixed,CT4,0.5631368749141693,0,0.0
AT4,W8A8_mixed,CT5,0.5861453604698181,0,0.0
AT4,W8A8_mixed,legacy_white,0.7799324609935284,0,0.0
AT5,FP32,AT1,1.1792984104156494,0,0.0
AT5,FP32,AT2,1.179977342247963,0,0.0
AT5,FP32,AT3,1.1771924922466277,0,0.0
AT5,FP32,AT4,0.05115007975324988,1000,100.0
AT5,FP32,AT5,0.002137159888166934,1000,100.0
AT5,FP32,CT1,0.5982026723325252,0,0.0
AT5,FP32,CT2,0.5958224025070668,0,0.0
AT5,FP32,CT3,0.5534106768965721,0,0.0
AT5,FP32,CT4,0.5673493318855762,0,0.0
AT5,FP32,CT5,0.5911768534481525,0,0.0
AT5,FP32,legacy_white,0.7921196066737175,0,0.0
AT5,W8A32,AT1,1.1819526687860489,0,0.0
AT5,W8A32,AT2,1.1822399425506591,0,0.0
AT5,W8A32,AT3,1.179871043920517,0,0.0
AT5,W8A32,AT4,0.04824908535555005,1000,100.0
AT5,W8A32,AT5,0.002292956402990967,1000,100.0
AT5,W8A32,CT1,0.5998955866098404,0,0.0
AT5,W8A32,CT2,0.5963173876404763,0,0.0
AT5,W8A32,CT3,0.5553313060849905,0,0.0
AT5,W8A32,CT4,0.5686082828044892,0,0.0
AT5,W8A32,CT5,0.5932503832876682,0,0.0
AT5,W8A32,legacy_white,0.7933656277060509,0,0.0
AT5,W8A8_clean,AT1,0.94621858471632,0,0.0
AT5,W8A8_clean,AT2,1.0217188647985458,0,0.0
AT5,W8A8_clean,AT3,1.0189787868857383,0,0.0
AT5,W8A8_clean,AT4,1.1176985039710998,0,0.0
AT5,W8A8_clean,AT5,1.1176985039710998,0,0.0
AT5,W8A8_clean,CT1,0.5924482858330011,0,0.0
AT5,W8A8_clean,CT2,0.5888019876182079,0,0.0
AT5,W8A8_clean,CT3,0.5483434160500765,0,0.0
AT5,W8A8_clean,CT4,0.5611861742734909,0,0.0
AT5,W8A8_clean,CT5,0.5858463189154863,0,0.0
AT5,W8A8_clean,legacy_white,0.7870050637125969,0,0.0
AT5,W8A8_mixed,AT1,1.1786159988641738,0,0.0
AT5,W8A8_mixed,AT2,1.1798213616609574,0,0.0
AT5,W8A8_mixed,AT3,1.177362776875496,0,0.0
AT5,W8A8_mixed,AT4,0.069314270041883,962,96.2
AT5,W8A8_mixed,AT5,0.016240372766740622,1000,100.0
AT5,W8A8_mixed,CT1,0.6155675359368324,0,0.0
AT5,W8A8_mixed,CT2,0.6102514448016882,0,0.0
AT5,W8A8_mixed,CT3,0.5664464985579252,0,0.0
AT5,W8A8_mixed,CT4,0.5818274533003569,0,0.0
AT5,W8A8_mixed,CT5,0.6074070831239223,0,0.0
AT5,W8A8_mixed,legacy_white,0.808139377951622,0,0.0
CT1,FP32,AT1,1.2428456097841263,0,0.0
CT1,FP32,AT2,1.2339655148983002,0,0.0
CT1,FP32,AT3,1.2566515473127364,0,0.0
CT1,FP32,AT4,1.8096143313646316,0,0.0
CT1,FP32,AT5,1.841464212536812,0,0.0
CT1,FP32,CT1,0.0021988745070993902,1000,100.0
CT1,FP32,CT2,0.5970562543570995,0,0.0
CT1,FP32,CT3,0.5531882679015399,0,0.0
CT1,FP32,CT4,0.5683567070364952,0,0.0
CT1,FP32,CT5,0.5913738333880901,0,0.0
CT1,FP32,legacy_white,0.7917259339094161,0,0.0
CT1,W8A32,AT1,1.2409227641820908,0,0.0
CT1,W8A32,AT2,1.2319668864011764,0,0.0
CT1,W8A32,AT3,1.2546691854000092,0,0.0
CT1,W8A32,AT4,1.804421579360962,0,0.0
CT1,W8A32,AT5,1.8351044845581055,0,0.0
CT1,W8A32,CT1,0.0021666521513834594,1000,100.0
CT1,W8A32,CT2,0.5978110424280166,0,0.0
CT1,W8A32,CT3,0.555253558292985,0,0.0
CT1,W8A32,CT4,0.5700643726736307,0,0.0
CT1,W8A32,CT5,0.5937435578405857,0,0.0
CT1,W8A32,legacy_white,0.7936994870901107,0,0.0
CT1,W8A8_clean,AT1,0.9617217316627502,0,0.0
CT1,W8A8_clean,AT2,1.0205112141370773,0,0.0
CT1,W8A8_clean,AT3,1.018111023068428,0,0.0
CT1,W8A8_clean,AT4,1.2081487889885902,0,0.0
CT1,W8A8_clean,AT5,1.2081487889885902,0,0.0
CT1,W8A8_clean,CT1,0.004788262042566203,1000,100.0
CT1,W8A8_clean,CT2,0.5922970258295536,0,0.0
CT1,W8A8_clean,CT3,0.5494496808052063,0,0.0
CT1,W8A8_clean,CT4,0.5641670763194561,0,0.0
CT1,W8A8_clean,CT5,0.5882766930609942,0,0.0
CT1,W8A8_clean,legacy_white,0.7895981075763703,0,0.0
CT1,W8A8_mixed,AT1,0.9605218631625175,0,0.0
CT1,W8A8_mixed,AT2,1.0197079013586043,0,0.0
CT1,W8A8_mixed,AT3,1.017172258257866,0,0.0
CT1,W8A8_mixed,AT4,1.2036168559789657,0,0.0
CT1,W8A8_mixed,AT5,1.2036168559789657,0,0.0
CT1,W8A8_mixed,CT1,0.0027089792429469527,1000,100.0
CT1,W8A8_mixed,CT2,0.5898834486305714,0,0.0
CT1,W8A8_mixed,CT3,0.5474289275109768,0,0.0
CT1,W8A8_mixed,CT4,0.5619684056639671,0,0.0
CT1,W8A8_mixed,CT5,0.58578772328794,0,0.0
CT1,W8A8_mixed,legacy_white,0.7869700301289558,0,0.0
CT2,FP32,AT1,1.15462957572937,0,0.0
CT2,FP32,AT2,1.1543932008743285,0,0.0
CT2,FP32,AT3,1.1993024594783783,0,0.0
CT2,FP32,AT4,1.8696865410804748,0,0.0
CT2,FP32,AT5,1.8709380581378936,0,0.0
CT2,FP32,CT1,0.5981118600070476,0,0.0
CT2,FP32,CT2,0.0014048759916913695,1000,100.0
CT2,FP32,CT3,0.5532840493023395,0,0.0
CT2,FP32,CT4,0.5676828871667385,0,0.0
CT2,FP32,CT5,0.5911581147313117,0,0.0
CT2,FP32,legacy_white,0.7920377012491226,0,0.0
CT2,W8A32,AT1,1.1491557239294052,0,0.0
CT2,W8A32,AT2,1.1488599628210068,0,0.0
CT2,W8A32,AT3,1.1951882667541505,0,0.0
CT2,W8A32,AT4,1.8648798187971116,0,0.0
CT2,W8A32,AT5,1.8660610990524291,0,0.0
CT2,W8A32,CT1,0.5998872427046299,0,0.0
CT2,W8A32,CT2,0.0016667522094212473,1000,100.0
CT2,W8A32,CT3,0.554925310716033,0,0.0
CT2,W8A32,CT4,0.5687971149235964,0,0.0
CT2,W8A32,CT5,0.5928495531976223,0,0.0
CT2,W8A32,legacy_white,0.7926480230689049,0,0.0
CT2,W8A8_clean,AT1,0.20429891223460436,205,20.5
CT2,W8A8_clean,AT2,0.28368159164488316,62,6.2
CT2,W8A8_clean,AT3,0.27606963708251714,73,7.3
CT2,W8A8_clean,AT4,1.2188756396174432,0,0.0
CT2,W8A8_clean,AT5,1.2188756396174432,0,0.0
CT2,W8A8_clean,CT1,0.5926027575284243,0,0.0
CT2,W8A8_clean,CT2,0.002552137907594442,1000,100.0
CT2,W8A8_clean,CT3,0.5481099379211665,0,0.0
CT2,W8A8_clean,CT4,0.5614733446985484,0,0.0
CT2,W8A8_clean,CT5,0.586387801900506,0,0.0
CT2,W8A8_clean,legacy_white,0.786895497918129,0,0.0
CT2,W8A8_mixed,AT1,0.20204411951825021,204,20.4
CT2,W8A8_mixed,AT2,0.2741049294769764,68,6.800000000000001
CT2,W8A8_mixed,AT3,0.2668121387436986,76,7.6
CT2,W8A8_mixed,AT4,1.2269310123324395,0,0.0
CT2,W8A8_mixed,AT5,1.2269310123324395,0,0.0
CT2,W8A8_mixed,CT1,0.5984546770453453,0,0.0
CT2,W8A8_mixed,CT2,0.002158573425025679,1000,100.0
CT2,W8A8_mixed,CT3,0.5541070643812418,0,0.0
CT2,W8A8_mixed,CT4,0.5677715051919222,0,0.0
CT2,W8A8_mixed,CT5,0.592371079325676,0,0.0
CT2,W8A8_mixed,legacy_white,0.7916773429811,0,0.0
CT3,FP32,AT1,1.2113616862297059,0,0.0
CT3,FP32,AT2,1.2057379944324493,0,0.0
CT3,FP32,AT3,1.224120760679245,0,0.0
CT3,FP32,AT4,1.7857688491344452,0,0.0
CT3,FP32,AT5,1.8138263574838638,0,0.0
CT3,FP32,CT1,0.5985039982199669,0,0.0
CT3,FP32,CT2,0.597240274578333,0,0.0
CT3,FP32,CT3,0.0037999151113908736,1000,100.0
CT3,FP32,CT4,0.5679734904617071,0,0.0
CT3,FP32,CT5,0.5929018084406853,0,0.0
CT3,FP32,legacy_white,0.7933718142807483,0,0.0
CT3,W8A32,AT1,1.2145552246570588,0,0.0
CT3,W8A32,AT2,1.2078156447410584,0,0.0
CT3,W8A32,AT3,1.225438816189766,0,0.0
CT3,W8A32,AT4,1.7968383572101594,0,0.0
CT3,W8A32,AT5,1.8244783855676652,0,0.0
CT3,W8A32,CT1,0.599672655403614,0,0.0
CT3,W8A32,CT2,0.5977572072148323,0,0.0
CT3,W8A32,CT3,0.004293774859281257,1000,100.0
CT3,W8A32,CT4,0.5687949647903442,0,0.0
CT3,W8A32,CT5,0.5943236495256424,0,0.0
CT3,W8A32,legacy_white,0.7955754053890705,0,0.0
CT3,W8A8_clean,AT1,0.9614667366147042,0,0.0
CT3,W8A8_clean,AT2,1.0198646582961082,0,0.0
CT3,W8A8_clean,AT3,1.0174401936531068,0,0.0
CT3,W8A8_clean,AT4,1.224657529592514,0,0.0
CT3,W8A8_clean,AT5,1.224657529592514,0,0.0
CT3,W8A8_clean,CT1,0.5934392209351063,0,0.0
CT3,W8A8_clean,CT2,0.5918879328072071,0,0.0
CT3,W8A8_clean,CT3,0.009072389320470393,1000,100.0
CT3,W8A8_clean,CT4,0.5624913844317198,0,0.0
CT3,W8A8_clean,CT5,0.5883341131210327,0,0.0
CT3,W8A8_clean,legacy_white,0.7914285525083542,0,0.0
CT3,W8A8_mixed,AT1,0.9645647940039634,0,0.0
CT3,W8A8_mixed,AT2,1.0238420108556747,0,0.0
CT3,W8A8_mixed,AT3,1.0215917668938637,0,0.0
CT3,W8A8_mixed,AT4,1.228736094534397,0,0.0
CT3,W8A8_mixed,AT5,1.228736094534397,0,0.0
CT3,W8A8_mixed,CT1,0.5911173099279403,0,0.0
CT3,W8A8_mixed,CT2,0.5895548203587532,0,0.0
CT3,W8A8_mixed,CT3,0.0052109144248533995,1000,100.0
CT3,W8A8_mixed,CT4,0.5607063666284084,0,0.0
CT3,W8A8_mixed,CT5,0.5865931010246277,0,0.0
CT3,W8A8_mixed,legacy_white,0.7892997853457928,0,0.0
CT4,FP32,AT1,1.2781779276132583,0,0.0
CT4,FP32,AT2,1.2772322813272476,0,0.0
CT4,FP32,AT3,1.296538556933403,0,0.0
CT4,FP32,AT4,1.8448914828300476,0,0.0
CT4,FP32,AT5,1.862190386414528,0,0.0
CT4,FP32,CT1,0.5980623422563076,0,0.0
CT4,FP32,CT2,0.5973864826858044,0,0.0
CT4,FP32,CT3,0.5533814372718334,0,0.0
CT4,FP32,CT4,0.002141353871906176,1000,100.0
CT4,FP32,CT5,0.5910338201522827,0,0.0
CT4,FP32,legacy_white,0.7923690272569657,0,0.0
CT4,W8A32,AT1,1.2807512718439102,0,0.0
CT4,W8A32,AT2,1.2800745772123336,0,0.0
CT4,W8A32,AT3,1.2985344840288162,0,0.0
CT4,W8A32,AT4,1.8428935840129852,0,0.0
CT4,W8A32,AT5,1.8591433503627777,0,0.0
CT4,W8A32,CT1,0.5999693822860718,0,0.0
CT4,W8A32,CT2,0.5981880678534508,0,0.0
CT4,W8A32,CT3,0.5552711007297039,0,0.0
CT4,W8A32,CT4,0.002251887693651952,1000,100.0
CT4,W8A32,CT5,0.5930878105163574,0,0.0
CT4,W8A32,legacy_white,0.7930251855552196,0,0.0
CT4,W8A8_clean,AT1,0.9652865152955056,0,0.0
CT4,W8A8_clean,AT2,1.0291503094434737,0,0.0
CT4,W8A8_clean,AT3,1.026937864303589,0,0.0
CT4,W8A8_clean,AT4,1.211798154592514,0,0.0
CT4,W8A8_clean,AT5,1.211798154592514,0,0.0
CT4,W8A8_clean,CT1,0.5919699337333441,0,0.0
CT4,W8A8_clean,CT2,0.5907538704574108,0,0.0
CT4,W8A8_clean,CT3,0.5475993805825711,0,0.0
CT4,W8A8_clean,CT4,0.005511396039044485,1000,100.0
CT4,W8A8_clean,CT5,0.5852584419846535,0,0.0
CT4,W8A8_clean,legacy_white,0.78699978479743,0,0.0
CT4,W8A8_mixed,AT1,0.9724458301067352,0,0.0
CT4,W8A8_mixed,AT2,1.0371414596438409,0,0.0
CT4,W8A8_mixed,AT3,1.0348338958024978,0,0.0
CT4,W8A8_mixed,AT4,1.2213751524686813,0,0.0
CT4,W8A8_mixed,AT5,1.2213751524686813,0,0.0
CT4,W8A8_mixed,CT1,0.5943805370032788,0,0.0
CT4,W8A8_mixed,CT2,0.5929427886307239,0,0.0
CT4,W8A8_mixed,CT3,0.5506901695132256,0,0.0
CT4,W8A8_mixed,CT4,0.0026465432562399653,1000,100.0
CT4,W8A8_mixed,CT5,0.5881094470620155,0,0.0
CT4,W8A8_mixed,legacy_white,0.7893392443358899,0,0.0
CT5,FP32,AT1,1.3600224664211273,0,0.0
CT5,FP32,AT2,1.3606577380895615,0,0.0
CT5,FP32,AT3,1.3684382660388947,0,0.0
CT5,FP32,AT4,1.8161840699911118,0,0.0
CT5,FP32,AT5,1.8357752609252929,0,0.0
CT5,FP32,CT1,0.5980686769485474,0,0.0
CT5,FP32,CT2,0.5975296008884907,0,0.0
CT5,FP32,CT3,0.5531498229652643,0,0.0
CT5,FP32,CT4,0.567382197573781,0,0.0
CT5,FP32,CT5,0.0022117107992526146,999,99.9
CT5,FP32,legacy_white,0.7912734065055848,0,0.0
CT5,W8A32,AT1,1.3658751121759414,0,0.0
CT5,W8A32,AT2,1.3672290583848954,0,0.0
CT5,W8A32,AT3,1.3745485084056854,0,0.0
CT5,W8A32,AT4,1.8201646099090576,0,0.0
CT5,W8A32,AT5,1.8403377524614335,0,0.0
CT5,W8A32,CT1,0.5992603003680707,0,0.0
CT5,W8A32,CT2,0.5983745408356189,0,0.0
CT5,W8A32,CT3,0.5545735746771098,0,0.0
CT5,W8A32,CT4,0.5686275369226933,0,0.0
CT5,W8A32,CT5,0.002387340489309281,999,99.9
CT5,W8A32,legacy_white,0.7934958256781102,0,0.0
CT5,W8A8_clean,AT1,0.9684770208597183,0,0.0
CT5,W8A8_clean,AT2,1.0304552985429765,0,0.0
CT5,W8A8_clean,AT3,1.027790792644024,0,0.0
CT5,W8A8_clean,AT4,1.21103848361969,0,0.0
CT5,W8A8_clean,AT5,1.21103848361969,0,0.0
CT5,W8A8_clean,CT1,0.5930000502467155,0,0.0
CT5,W8A8_clean,CT2,0.5923128288686276,0,0.0
CT5,W8A8_clean,CT3,0.5487689734697342,0,0.0
CT5,W8A8_clean,CT4,0.5622007610201836,0,0.0
CT5,W8A8_clean,CT5,0.0036908615693682805,999,99.9
CT5,W8A8_clean,legacy_white,0.7886492873132229,0,0.0
CT5,W8A8_mixed,AT1,0.9740748986601829,0,0.0
CT5,W8A8_mixed,AT2,1.0358024832606316,0,0.0
CT5,W8A8_mixed,AT3,1.0333884193897247,0,0.0
CT5,W8A8_mixed,AT4,1.2134073823690414,0,0.0
CT5,W8A8_mixed,AT5,1.2134073823690414,0,0.0
CT5,W8A8_mixed,CT1,0.5993079550415278,0,0.0
CT5,W8A8_mixed,CT2,0.598468351662159,0,0.0
CT5,W8A8_mixed,CT3,0.554636609390378,0,0.0
CT5,W8A8_mixed,CT4,0.5683857943862677,0,0.0
CT5,W8A8_mixed,CT5,0.002765650665620342,999,99.9
CT5,W8A8_mixed,legacy_white,0.7944494092762471,0,0.0
legacy_white,FP32,AT1,1.3503114041090012,0,0.0
legacy_white,FP32,AT2,1.3494352170228958,0,0.0
legacy_white,FP32,AT3,1.3619874415397644,0,0.0
legacy_white,FP32,AT4,1.7536004625558854,0,0.0
legacy_white,FP32,AT5,1.7945237601995467,0,0.0
legacy_white,FP32,CT1,0.5981940583586692,0,0.0
legacy_white,FP32,CT2,0.5975752154290677,0,0.0
legacy_white,FP32,CT3,0.5535618043541908,0,0.0
legacy_white,FP32,CT4,0.5676606934666634,0,0.0
legacy_white,FP32,CT5,0.5907237430810929,0,0.0
legacy_white,FP32,legacy_white,0.002081259597558528,1000,100.0
legacy_white,W8A32,AT1,1.3465563006401062,0,0.0
legacy_white,W8A32,AT2,1.3457396399974824,0,0.0
legacy_white,W8A32,AT3,1.3585378140211106,0,0.0
legacy_white,W8A32,AT4,1.7566850731372834,0,0.0
legacy_white,W8A32,AT5,1.798584953069687,0,0.0
legacy_white,W8A32,CT1,0.5982219330370426,0,0.0
legacy_white,W8A32,CT2,0.5974256364107132,0,0.0
legacy_white,W8A32,CT3,0.5538585056960583,0,0.0
legacy_white,W8A32,CT4,0.568157592177391,0,0.0
legacy_white,W8A32,CT5,0.5909478500187397,0,0.0
legacy_white,W8A32,legacy_white,0.0020519072836032138,1000,100.0
legacy_white,W8A8_clean,AT1,0.9631069180369377,0,0.0
legacy_white,W8A8_clean,AT2,1.0250695725083352,0,0.0
legacy_white,W8A8_clean,AT3,1.0229314700961114,0,0.0
legacy_white,W8A8_clean,AT4,0.161661854326725,0,0.0
legacy_white,W8A8_clean,AT5,0.161661854326725,0,0.0
legacy_white,W8A8_clean,CT1,0.5928676194250584,0,0.0
legacy_white,W8A8_clean,CT2,0.5923745194077492,0,0.0
legacy_white,W8A8_clean,CT3,0.5488882385194301,0,0.0
legacy_white,W8A8_clean,CT4,0.5626435777544976,0,0.0
legacy_white,W8A8_clean,CT5,0.5861587425470353,0,0.0
legacy_white,W8A8_clean,legacy_white,0.0026870529955485838,1000,100.0
legacy_white,W8A8_mixed,AT1,0.9691951771974564,0,0.0
legacy_white,W8A8_mixed,AT2,1.0303200531601906,0,0.0
legacy_white,W8A8_mixed,AT3,1.0282249191999435,0,0.0
legacy_white,W8A8_mixed,AT4,0.15454015572369098,0,0.0
legacy_white,W8A8_mixed,AT5,0.15454015572369098,0,0.0
legacy_white,W8A8_mixed,CT1,0.6011776786446571,0,0.0
legacy_white,W8A8_mixed,CT2,0.6003148029744625,0,0.0
legacy_white,W8A8_mixed,CT3,0.5567765804678202,0,0.0
legacy_white,W8A8_mixed,CT4,0.5705178197920322,0,0.0
legacy_white,W8A8_mixed,CT5,0.5942408321201801,0,0.0
legacy_white,W8A8_mixed,legacy_white,0.0024575215389486403,1000,100.0
